Customer,Name,Status,Job_Count,Total_Revenue,First_Order,Last_Order
VERTCORP,VERTIV CORPORATION,Active,242,5938250.0000,2025-11-14 00:00:00,2026-04-08 00:00:00
NEPHNITR,"NEPHRON NITRILE, LLC",Active,44,5105330.0000,2021-08-31 00:00:00,2022-10-04 00:00:00
FLOQENGI,FLOQUIP ENGINEERIING CO,Active,55,4551022.0000,2015-05-26 00:00:00,2026-01-19 00:00:00
ONEACONS,O'NEAL CONSTRUCTORS LLC,Active,64,4479231.0000,2016-02-15 00:00:00,2021-12-27 00:00:00
SOLVSPEC,SOLVAY SPECIALTY POLYMERS USA LLC,Active,107,3879602.0000,2015-03-19 00:00:00,2026-03-24 00:00:00
ANDRITZI,ANDRITZ INC,Active,36,3732728.0000,2015-07-02 00:00:00,2026-03-16 00:00:00
RECOCOMM,RECO COMMERCIAL SYSTEMS,Active,26,3461000.0000,2025-06-13 00:00:00,2026-04-06 00:00:00
SYMSENGI,"SYMS ENGINEERING, INC.",Active,16,2730100.0000,2023-02-01 00:00:00,2024-08-15 00:00:00
IRVCPROD,"IRVING CONSUMER PRODUCTS, INC.",Active,53,2416159.0600,2017-12-13 00:00:00,2025-06-16 00:00:00
KEMIRAWS,KEMIRA WATER SOLUTIONS INC.,Active,11,2234948.0000,2019-08-02 00:00:00,2026-03-20 00:00:00
KIMBCLAR,KIMBERLY CLARK CORP,Active,22,2114325.0000,2025-01-28 00:00:00,2026-03-25 00:00:00
YATECONS,W.G. YATES & SONS CONSTRUCTION COMPANY,Active,33,1926140.0000,2019-09-20 00:00:00,2020-11-23 00:00:00
MILLIKEN,MILLIKEN & CO,Active,71,1821995.0000,2015-05-07 00:00:00,2025-09-22 00:00:00
NUTRIEN,"PCS PHOSPHATE COMPANY, INC.",Active,21,1703675.0000,2020-03-24 00:00:00,2024-01-25 00:00:00
KAOSPECI,KAO SPECIALTIES AMERICAS LLC,Active,25,1662550.0000,2022-10-03 00:00:00,2024-08-30 00:00:00
TURNCONS,TURNER CONSTRUCTION COMPANY,Active,26,1571815.0000,2023-02-16 00:00:00,2024-04-03 00:00:00
WEYERHAEU,WEYERHAEUSER NR COMPANY,Active,9,1458500.0000,2026-04-14 00:00:00,2026-04-14 00:00:00
R2TCONSTRU,R2T CONSTRUCTORS,Active,11,1399154.0000,2024-12-18 00:00:00,2025-05-21 00:00:00
USSUGARC,US SUGAR CORPORATION,Active,17,1254955.0000,2016-12-14 00:00:00,2026-02-05 00:00:00
ROSENBLAD,"ROSENBLAD DESIGN GROUP, INC.",Active,21,1245682.5000,2018-01-14 00:00:00,2024-08-28 00:00:00
NANTRENE,"NANT RENEWABLES, LLC",Active,14,1195200.0000,2022-08-09 00:00:00,2024-05-31 00:00:00
SYMRISE,SYMRISE,Active,14,1192050.0000,2019-08-01 00:00:00,2023-05-03 00:00:00
POLYCOMP,POLYNT COMPOSITES USA INC,Active,8,1163168.0000,2016-10-21 00:00:00,2026-03-05 00:00:00
NAKKILNS,"NAK KILN SERVICES, LLC",Active,1,1128000.0000,2025-03-05 00:00:00,2025-03-05 00:00:00
EPICSYST,EPIC SYSTEMS GROUP. LLC - P&M,Active,29,1114800.0000,2022-05-19 00:00:00,2025-11-03 00:00:00
KOCHMODU,"KOCH MODULAR PROCESS SYSTEMS, LLC",Active,8,1111039.0000,2022-08-15 00:00:00,2023-06-22 00:00:00
TELLPROD,TELLUS PRODUCTS,Active,15,1105425.0000,2016-10-06 00:00:00,2025-07-30 00:00:00
REICHHOLD,REICHHOLD LLC2,Active,11,1083720.0000,2021-05-05 00:00:00,2023-02-21 00:00:00
GEOCYCLE,GEOCYCLE LLC,Active,5,1032700.0000,2023-10-11 00:00:00,2024-08-29 00:00:00
BERNHARD,"ENFRA MCC, LLC",Active,7,1031300.0000,2024-03-15 00:00:00,2024-03-15 00:00:00
THEINDUS,TIC-THE INDUSTRIAL COMPANY,Active,11,1014956.0000,2023-11-17 00:00:00,2025-05-12 00:00:00
WAKOCHEM,WAKO CHEMICALS USA INC,Active,28,1003794.0000,2016-12-12 00:00:00,2017-10-19 00:00:00
ARCHWOOD,"ARCH WOOD PROTECTION, INC.",Active,7,958550.0000,2023-06-05 00:00:00,2023-06-05 00:00:00
KIMCLARK,KIMBERLY-CLARK,Active,6,881650.0000,2018-08-28 00:00:00,2020-01-07 00:00:00
KRATCHEM,"KRATON CHEMICAL, LLC",Active,6,868450.0000,2019-05-07 00:00:00,2025-05-19 00:00:00
ENCHEMAM,"ENCHEM AMERICA, LLC",Active,9,864500.0000,2022-02-21 00:00:00,2023-09-20 00:00:00
VALMETIN,"VALMET, INC.",Active,1,835000.0000,2025-08-25 00:00:00,2025-08-25 00:00:00
BCRENVIR,BCR ENVIRONMENTAL CORP,Active,9,807450.0000,2019-03-11 00:00:00,2022-03-22 00:00:00
SYS-CON,SYS-CON LLC,Active,16,786559.0000,2015-12-17 00:00:00,2017-07-24 00:00:00
CANNONUSA,CANNON USA,Active,19,768285.0000,2020-08-10 00:00:00,2024-04-30 00:00:00
HARPLOVE,HARPERLOVE,Active,6,751020.0000,2018-03-28 00:00:00,2025-10-27 00:00:00
FUJIVEGE,FUJI VEGETABLE OIL INC,Active,11,725489.0000,2015-04-24 00:00:00,2018-12-10 00:00:00
PINOVAIN,PINOVA INC,Active,12,673140.0000,2018-02-14 00:00:00,2022-09-22 00:00:00
COLOCHEM,"COLONIAL CHEMICAL, INC.",Active,5,647050.0000,2023-02-28 00:00:00,2023-04-11 00:00:00
PILGRIMS,PILGRIM'S PRIDE,Active,9,638025.0000,2019-05-30 00:00:00,2020-12-28 00:00:00
LIOCHEM1,LIOCHEM,Active,8,625300.0000,2020-02-21 00:00:00,2024-01-25 00:00:00
YESACORP,YESAC CORPORATION,Active,7,582711.0000,2015-01-24 00:00:00,2022-11-14 00:00:00
PERDUE,PERDUE AGRIBUSINESS LLC,Active,3,571500.0000,2024-03-15 00:00:00,2024-03-15 00:00:00
ASHLANDI,ASHLAND INC,Active,14,566802.0000,2015-08-11 00:00:00,2017-06-01 00:00:00
NOAHINDU,NOAH INDUSTRIAL,Active,5,561250.0000,2021-08-30 00:00:00,2025-07-22 00:00:00
ALLNEXUS,ALLNEX USA INC,Active,14,544604.0000,2015-07-09 00:00:00,2019-07-21 00:00:00
AJAYNAMER,"AJAY NORTH AMERICA, LLC",Active,5,538775.0000,2019-05-08 00:00:00,2025-02-21 00:00:00
SABIGOLD,SABINA GOLD & SILVER CORP.,Active,11,516800.0000,2022-12-27 00:00:00,2022-12-27 00:00:00
PCSPHOSP,PCS PHOSPHATE COMPANY INC,Active,6,489670.0000,2016-10-12 00:00:00,2019-08-27 00:00:00
HALOPROD,HALOCARBON PRODUCTS CORP,Active,38,488844.0000,2015-01-08 00:00:00,2023-09-07 00:00:00
ARIZCHEM,ARIZONA CHEMICAL,Active,5,486430.0000,2016-09-13 00:00:00,2016-09-22 00:00:00
ZACHGROU,ZACHRY INDUSTRIAL INC.,Active,5,481610.0000,2017-09-05 00:00:00,2023-03-07 00:00:00
S&STECHN,S&S TECHNICAL LLC,Active,21,473725.0000,2016-10-12 00:00:00,2020-08-07 00:00:00
NUTEMANA,NUTERRA MANAGEMENT LLC,Active,18,441496.0000,2015-09-02 00:00:00,2017-05-18 00:00:00
CYTECIND,"CYTEC INDUSTRIES INC., NA",Active,11,431200.0000,2022-04-11 00:00:00,2025-01-21 00:00:00
KEMIWATE,"KEMIRA WATER SOUTIONS CANADA, INC.",Active,3,413700.0000,2019-04-26 00:00:00,2020-10-14 00:00:00
ASHLSPEC,ASHLAND SPECIALTY INGREDIENTS GP,Active,12,412017.0000,2015-06-12 00:00:00,2016-09-22 00:00:00
IFFCHEMI,"IFF CHEMICAL HOLDINGS, INC.",Active,7,370550.0000,2017-06-30 00:00:00,2022-08-10 00:00:00
GARRMACH,GARRETT MACHINE,Active,20,348450.0000,2017-04-20 00:00:00,2024-05-30 00:00:00
ACCURATE,"ACCURATE SPECIALIZED CARRIERS, LLC",Active,1,344181.2500,2021-03-09 00:00:00,2021-03-09 00:00:00
CONCRET,"CON-CRET, LLC",Active,4,338800.0000,2021-12-27 00:00:00,2023-05-30 00:00:00
INTEPAPE,INTERNATIONAL PAPER-SAVANNAH,Active,5,325600.0000,2018-02-01 00:00:00,2022-07-06 00:00:00
SYNTHOMER,SYNTHOMER INC.,Active,3,321600.0000,2025-07-14 00:00:00,2026-01-19 00:00:00
AMERTERP,AMERITERPENES LLC,Active,4,321500.0000,2025-09-10 00:00:00,2026-03-20 00:00:00
SOLVAUGU,"SOLVAY SPECIALTY POLYMERS USA, LLC",Active,1,311295.0000,2022-01-24 00:00:00,2022-01-24 00:00:00
THIEKAOL,THIELE KAOLIN COMPANY,Active,6,308975.0000,2017-03-08 00:00:00,2025-01-17 00:00:00
BURKINDU,"BURKE INDUSTRIAL, INC.",Active,3,304750.0000,2025-06-16 00:00:00,2025-10-02 00:00:00
TRINMANU,TRINITY MANUFACTURING INC,Active,12,295231.0000,2015-06-15 00:00:00,2019-12-03 00:00:00
GEORPACI,GEORGIA PACIFIC,Active,9,288391.0000,2014-11-12 00:00:00,2017-06-27 00:00:00
ALLIUNIV,ALLIED UNIVERSAL CORPORATION,Active,5,283440.0000,2016-09-21 00:00:00,2016-09-22 00:00:00
INTEFLAV,IFF CHEMICAL HOLDINGS INC,Active,4,280446.0000,2015-12-03 00:00:00,2016-08-11 00:00:00
INTEPAPEPW,INTERNATIONAL PAPER-PORT WENTWORTH,Active,3,268600.0000,2019-08-05 00:00:00,2019-08-05 00:00:00
ANDRITZNY,"ANDRITZ, INC.",Active,1,262200.0000,2020-03-23 00:00:00,2020-03-23 00:00:00
GRAYWOLF,"GRAYWOLF SOUTHEAST, INC.",Active,1,254500.0000,2021-04-19 00:00:00,2021-04-19 00:00:00
PRYSMIAN,PRYSMIAN CABLES AND SYSTEMS USA LLC,Active,2,252500.0000,2021-10-26 00:00:00,2021-10-26 00:00:00
MERRINDU,"MERRICK INDUSTRIES, INC.",Active,2,251000.0000,2025-11-07 00:00:00,2025-11-07 00:00:00
AMECFOST,Amec Foster Wheeler,Active,7,249715.0000,2017-01-12 00:00:00,2017-01-12 00:00:00
JWCENVIRO,JWC ENVIRONMENTAL INC.,Active,8,249655.0000,2019-06-19 00:00:00,2019-07-22 00:00:00
JORDINTL,JORD INTERNATIONAL PTY LTD,Active,1,247251.0000,2017-06-13 00:00:00,2017-06-13 00:00:00
KEMICHEM,KEMIRA CHEMICALS INC,Active,3,239800.0000,2021-05-28 00:00:00,2021-07-08 00:00:00
PLASTECH,PLASMINE TECHNOLOGY INC,Active,3,236090.0000,2014-08-27 00:00:00,2015-10-14 00:00:00
DUSTEXCO,DUSTEX LLC,Active,4,234440.0000,2016-05-25 00:00:00,2016-07-12 00:00:00
WHITFLYE,"WHITE FLYER TARGETS, LLC",Active,2,224350.0000,2022-10-24 00:00:00,2022-10-24 00:00:00
OKONITE1,THE OKONITE COMPANY,Active,1,219850.0000,2021-11-09 00:00:00,2021-11-09 00:00:00
FLOPAM11,SNF FLOPAM,Active,4,217781.2200,2014-02-12 00:00:00,2014-08-19 00:00:00
GOODHARV,GOOD HARVEST GRAINS LLC,Active,12,214000.0000,2015-05-21 00:00:00,2015-07-09 00:00:00
FITECARD,FITESA CARDED FACILITY,Active,7,205960.0000,2016-11-30 00:00:00,2017-11-22 00:00:00
AIRCO111,AIRCO,Active,8,205475.0000,2015-07-13 00:00:00,2019-11-05 00:00:00
MERIPORT,MERIDIAN PORT WENTWORTH LLC C/0 PEGASUS TSI,Active,4,195803.0000,2015-11-04 00:00:00,2015-11-13 00:00:00
USECLLC1,US C&E LLC,Active,1,191550.0000,2022-06-22 00:00:00,2022-06-22 00:00:00
MUNIUTIL,"MUNICIPAL UTILITIES BOARD-ALBERTVILLE, AL",Active,2,184304.0000,2015-06-29 00:00:00,2015-06-29 00:00:00
PLASEXPR,PLASTIC EXPRESS,Active,4,182500.0000,2019-06-28 00:00:00,2019-06-28 00:00:00
LEARWEST,"LEAR WEST FABRICATION, LLC",Active,12,176725.0000,2020-12-09 00:00:00,2023-03-29 00:00:00
CONSDESI,CONSOLIDATED DESIGN & MACHINE,Active,3,174435.0000,2024-12-10 00:00:00,2025-10-01 00:00:00
REAGCHEM,REAGENT CHEMICAL,Active,2,173500.0000,2019-01-16 00:00:00,2019-01-16 00:00:00
MOTUSLLC,"MOTUS, LLC",Active,5,167500.0000,2022-04-04 00:00:00,2022-04-04 00:00:00
M3CONSTR,M3 CONSTRUCTION INC,Active,3,165700.0000,2016-05-12 00:00:00,2016-05-12 00:00:00
CHROMASC,"CHROMASCAPE, LLC",Active,1,159500.0000,2025-06-02 00:00:00,2025-06-02 00:00:00
CONTPACK,"CONTRACT PACKAGING, INC.",Active,1,157575.0000,2017-06-14 00:00:00,2017-06-14 00:00:00
SHERWILL,SHERWIN WILLIAMS,Active,4,154150.0000,2020-12-09 00:00:00,2024-07-16 00:00:00
BAKELITE,BAKELITE CHEMICALS LLC,Active,1,151250.0000,2024-01-25 00:00:00,2024-01-25 00:00:00
THELUBRI,THE LUBRIZOL CORPORATION,Active,2,148870.0000,2017-06-23 00:00:00,2017-06-23 00:00:00
FOSTWHEE,AMEC / FOSTER WHEELER USA CORPORATION,Active,20,146827.0000,2014-09-08 00:00:00,2015-07-08 00:00:00
DOMTPAPE,"DOMTAR PAPER COMPANY, LLC",Active,3,142975.0000,2018-02-16 00:00:00,2019-03-19 00:00:00
ATLASMIN,ATLAS MINERALS & CHEMICALS,Active,1,140500.0000,2025-07-18 00:00:00,2025-07-18 00:00:00
AIRGASNITR,AIRGAS NITROUS OXIDE,Active,1,136000.0000,2025-06-12 00:00:00,2025-06-12 00:00:00
SYLVAMO,SYLVAMO,Active,2,135250.0000,2025-12-30 00:00:00,2025-12-30 00:00:00
REAGCHEM2,"REAGENT CHEMICAL & RESEARCH, INC.",Active,3,132975.0000,2021-05-20 00:00:00,2021-05-20 00:00:00
WWGAYMEC,W W GAY MECHANICAL,Active,1,128935.0000,2022-09-14 00:00:00,2022-09-14 00:00:00
IMIINDUS,IMI INDUSTRIAL SERVICES GROUP,Active,2,125200.0000,2021-10-26 00:00:00,2021-10-26 00:00:00
ALPHAPET,ALPHAPET INC.,Active,4,124625.0000,2021-06-23 00:00:00,2023-05-19 00:00:00
AIRGNATI,AIRGAS NATIONAL,Active,2,124100.0000,2016-11-17 00:00:00,2021-02-12 00:00:00
MOUNCEME,MOUNTAIN CEMENT COMPANY,Active,1,122000.0000,2026-04-15 00:00:00,2026-04-15 00:00:00
GPALABRI,ALABAMA RIVER CELLULOSE LLC,Active,2,121170.0000,2016-06-24 00:00:00,2017-07-05 00:00:00
ZACHMAIN,"ZACHRY MAINTENANCE SERVICES, LLC",Active,1,119550.0000,2025-02-26 00:00:00,2025-02-26 00:00:00
AMBIOPHARM,"AMBIOPOHARM, INC.",Active,2,111600.0000,2019-08-21 00:00:00,2019-08-21 00:00:00
PCSNITROF,PCS NITROGEN FERTILIZER LP,Active,6,107758.0000,2015-08-25 00:00:00,2017-06-01 00:00:00
ADHERESE,ADHESIVES RESEARCH,Active,4,107300.0000,2021-06-04 00:00:00,2021-06-04 00:00:00
SALOFLTD,SALOF LTD INC.,Active,1,105950.0000,2019-03-22 00:00:00,2019-03-22 00:00:00
VALMONT,VALMONT COMPOSITE STRUCTURES,Active,1,105150.0000,2023-05-30 00:00:00,2023-05-30 00:00:00
AURIPOLY,AURIGA POLYMERS INC.,Active,4,101600.0000,2019-07-23 00:00:00,2022-06-23 00:00:00
PUMPSOL1,"PUMPINGSOL, INC.",Active,1,100350.0000,2021-08-16 00:00:00,2021-08-16 00:00:00
ACTIONEL,"ACTION ELECTRIC CO., INC.",Active,2,100250.0000,2019-10-16 00:00:00,2022-07-25 00:00:00
UGMS1111,UGMS,Active,2,92700.0000,2020-08-05 00:00:00,2020-08-07 00:00:00
BLUEOVAL," BLUE OVAL SK, LLC",Active,2,90750.0000,2024-03-18 00:00:00,2024-03-18 00:00:00
EVERPACK,EVERGREEN PACKAGING INC,Active,2,87697.0000,2016-02-15 00:00:00,2020-01-07 00:00:00
MULLMECH,MULLINS MECHANICAL & WELDING,Active,2,86406.0000,2018-01-08 00:00:00,2018-01-08 00:00:00
STEPCOMP,STEPAN COMPANY,Active,1,80575.0000,2017-06-01 00:00:00,2017-06-01 00:00:00
DOMTARPA,"DOMTAR PAPER COMPANY, LLC",Active,1,75500.0000,2025-06-27 00:00:00,2025-06-27 00:00:00
INTESPAP,INTERSTATE PAPER LLC,Active,1,72200.0000,2018-06-20 00:00:00,2018-06-20 00:00:00
MRVTECHN,MRV TECHNOLOGIES INC,Active,2,71896.0000,2015-02-23 00:00:00,2015-02-23 00:00:00
COASTECH,"COASTAL TECHNOLOGIES, INC.",Active,1,71500.0000,2025-09-24 00:00:00,2025-09-24 00:00:00
SOLENISL,SOLENIS LLC,Active,4,70045.0000,2015-07-07 00:00:00,2016-11-17 00:00:00
JOHNMAVI,JOHNS MANVILLE CORPORATION,Active,1,68785.0000,2015-02-13 00:00:00,2015-02-13 00:00:00
DUBLCONS,DUBLIN CONSTRUCTION COMPANY,Active,1,67400.0000,2021-04-06 00:00:00,2021-04-06 00:00:00
IMPESAVA,IMPERIAL - SAVANNAH LP,Active,1,66200.0000,2017-11-02 00:00:00,2017-11-02 00:00:00
CARLERIC,"CARL ERIC JOHNSON, INC.",Active,1,63750.0000,2022-02-28 00:00:00,2022-02-28 00:00:00
CLAYCOUN,CLAY COUNTY UTILITY AUTHORITY,Active,1,62250.0000,2016-06-13 00:00:00,2016-06-13 00:00:00
BLAKPEND,BLAKE & PENDLETON,Active,1,60000.0000,2026-03-11 00:00:00,2026-03-11 00:00:00
STMAPOWD,ST MARKS POWDER,Active,2,59525.0000,2016-09-23 00:00:00,2021-08-04 00:00:00
GERDCART,GERDUA CARTERSVILLE,Active,2,55315.0000,2016-11-01 00:00:00,2016-11-01 00:00:00
COPECORP,COPERION CORPORATION,Active,8,54675.0000,2017-04-20 00:00:00,2017-04-20 00:00:00
MIDAENVI,"MID-ATLANTIC ENVIRONMENTAL EQUIPMENT, INC.",Active,2,54220.0000,2018-12-06 00:00:00,2018-12-06 00:00:00
WESTROCK,"WESTROCK SOUTHEAST, LLC",Active,1,53750.0000,2018-05-07 00:00:00,2018-05-07 00:00:00
MCKEINC,MCKENNEY'S INC,Active,1,53030.0000,2016-01-28 00:00:00,2016-01-28 00:00:00
PISTINDU,PISTOL'S INDUSTRIAL SERVICE,Active,2,50900.0000,2022-07-08 00:00:00,2024-08-15 00:00:00
BLUECYPR,BLUE CYPRESS GOLF AND RV RESORT,Active,1,48875.0000,2017-06-28 00:00:00,2017-06-28 00:00:00
AZZSMS11,AZZ SMS LLC,Active,1,46261.0000,2016-08-18 00:00:00,2016-08-18 00:00:00
SOUTGATE,SOUTHGATE PROCESS EQUIPMENT,Active,1,43250.0000,2021-01-25 00:00:00,2021-01-25 00:00:00
ARBOLLC1,ARBORIS LLC,Active,1,42147.0000,2016-03-25 00:00:00,2016-03-25 00:00:00
PROPIPE,PRO PIPE INC,Active,2,40325.0000,2025-04-05 00:00:00,2025-07-01 00:00:00
B&ZINSUL,B&Z INSULATION,Active,3,38926.0000,2017-07-12 00:00:00,2018-05-11 00:00:00
NEXAHIGH,NEXANS HIGH VOLTAGE,Active,1,37850.0000,2020-01-29 00:00:00,2020-01-29 00:00:00
SAVARCH,SAVANNAH ARCHITECTURAL SUPPLY,Active,1,35325.0000,2020-12-21 00:00:00,2020-12-21 00:00:00
SOLVAY-ALP,"SOLVAY SPECIALTY POLYMERS USA, INC.",Active,1,35175.0000,2025-08-07 00:00:00,2025-08-07 00:00:00
VENATOR,VENATOR,Active,2,31400.0000,2018-07-25 00:00:00,2018-07-25 00:00:00
DAKAMERI,DAK Americas LLC,Active,1,30225.0000,2017-08-08 00:00:00,2017-08-08 00:00:00
KANGWON,"KANGWON N.T.S. CO., LTD",Active,2,28000.0000,2024-03-28 00:00:00,2024-03-28 00:00:00
360INDU,"360 INDUSTRIAL, LLC",Active,1,27900.0000,2017-09-25 00:00:00,2017-09-25 00:00:00
CILISOTOPE,"CIL ISOTOPE SEPARATIONS, LLC",Active,1,27250.0000,2025-08-13 00:00:00,2025-08-13 00:00:00
SIGROUP1,SI GROUP INC,Active,2,27200.0000,2016-10-20 00:00:00,2016-11-17 00:00:00
IMTT1111,IMTT,Active,1,24200.0000,2020-02-10 00:00:00,2020-02-10 00:00:00
POTTINDU,POTTERS INDUSTRIES LLC,Active,1,23919.0000,2015-02-04 00:00:00,2015-02-04 00:00:00
SHIMAMER,SHIMIZU NORTH AMERICA LLC,Active,1,22500.0000,2024-07-17 00:00:00,2024-07-17 00:00:00
BULKCHEM,BULK CHEMICAL SERVICES,Active,1,21500.0000,2018-08-24 00:00:00,2018-08-24 00:00:00
SFCCONTR,"SFC CONTRACT SERVICES OF GEORGIA, LLC",Active,1,20350.0000,2019-03-05 00:00:00,2019-03-05 00:00:00
INLIENGI,INLINE ENGINEERS,Active,1,20350.0000,2022-08-15 00:00:00,2022-08-15 00:00:00
JOHNGRIM,JOHN C GRIMBERG CO INC,Active,1,17000.0000,2015-06-02 00:00:00,2015-06-02 00:00:00
ARMSWORL,ARMSTRONG WORLD INDUSTRIES INC,Active,1,15220.0000,2016-03-15 00:00:00,2016-03-15 00:00:00
STAMTEC,STAMTEC,Active,1,14975.0000,2018-09-17 00:00:00,2018-09-17 00:00:00
MPEQUI11,MP EQUIPMENT LLC,Active,1,12000.0000,2016-10-11 00:00:00,2016-10-11 00:00:00
USSUGARSV,"US SUGAR REFINERY, LLC",Active,2,11900.0000,2025-01-14 00:00:00,2025-09-04 00:00:00
STEELFAB,"STEELFAB, INC. OF S.C.",Active,1,10400.0000,2021-07-08 00:00:00,2021-07-08 00:00:00
INTEPAPFR,INTERNATIONAL PAPER-FRANKLIN,Active,1,10000.0000,2020-01-22 00:00:00,2020-01-22 00:00:00
PRODPROC,PRODUCTION & PROCESS TECHNOLOGIES FLORIDA INC,Active,1,7140.0000,2015-12-01 00:00:00,2015-12-01 00:00:00
GAF11111,"GAF MATERIALS, LLC",Active,11,6215.0000,2016-03-09 00:00:00,2025-08-20 00:00:00
SOUTGEOR,"SOUTH GEORGIA INDUSTRIAL SERVICES, INC.",Active,1,5500.0000,2022-07-26 00:00:00,2022-07-26 00:00:00
ARCHUSIN,ARCHROMA US INC,Active,1,5425.0000,2016-11-28 00:00:00,2016-11-28 00:00:00
PLASPROC,PLASMA PROCESSES LLC,Active,2,5269.0000,2015-07-28 00:00:00,2017-08-16 00:00:00
CORROCOAT,CORROCOAT,Active,1,5175.0000,2023-05-25 00:00:00,2023-05-25 00:00:00
GENERA1,VONORE FIBER PRODUCTS LLC,Active,2,5100.0000,2024-11-18 00:00:00,2026-01-28 00:00:00
EASTINDU,"EASTERN INDUSTRIAL SUPPLIES, INC.",Active,1,4950.0000,2020-08-06 00:00:00,2020-08-06 00:00:00
AIRLIQUI,Air Liquide Advanced Materials,Active,1,4275.0000,2017-08-07 00:00:00,2017-08-07 00:00:00
TCHENTER,TCH ENTERPRISES,Active,1,3900.0000,2021-06-21 00:00:00,2021-06-21 00:00:00
HOLBROOK,HOLBROOK METAL FABRICATION,Active,1,2800.0000,2024-10-18 00:00:00,2024-10-18 00:00:00
INDUSUPP,INDUSTRIAL SUPPLIES COMPANY,Active,3,2325.0000,2024-11-19 00:00:00,2025-04-14 00:00:00
TOMHENLEY,TOM HENLEY,Active,1,2300.0000,2025-07-02 00:00:00,2025-07-02 00:00:00
DAYBREAK,DAYBREAK INDUSTRIAL,Active,2,2002.0000,2020-01-16 00:00:00,2021-06-29 00:00:00
GILBINDU,GILBERT INDUSTRIES,Active,1,1970.0000,2016-08-01 00:00:00,2016-08-01 00:00:00
PYEBARKE,PYE-BARKER ENGINEERED SOLUTIONS,Active,1,1850.0000,2020-05-15 00:00:00,2020-05-15 00:00:00
LFMULTIC,LF MULTICRAFT INC.,Active,1,1650.0000,2024-10-30 00:00:00,2024-10-30 00:00:00
MAGIEXTE,MAGIC EXTERIORS,Active,1,1600.0000,2020-01-28 00:00:00,2020-01-28 00:00:00
INTETANK,INTEGRITY TANK SERVICES,Active,2,1475.0000,2019-07-15 00:00:00,2021-03-24 00:00:00
COASAIRC,COASTAL AIR COMPRESSOR,Active,1,1350.0000,2019-02-27 00:00:00,2019-02-27 00:00:00
YOWNBOIL,YOWN'S BOILER & FURNACE SERVICE LLC,Active,1,1250.0000,2025-05-06 00:00:00,2025-05-06 00:00:00
VERSEQUI,VERSATILE EQUIPMENT COMPANY,Active,2,1200.0000,2018-05-01 00:00:00,2021-07-01 00:00:00
USMECHAN,US MECHANICAL CONTRACTORS LLC,Active,1,1200.0000,2016-05-25 00:00:00,2016-05-25 00:00:00
SAVAREST,SAVANNAH RESTORATION INC,Active,1,1096.0000,2016-01-20 00:00:00,2016-01-20 00:00:00
APPLINDU,APPLIED INDUSTRIAL TECHNOLOGIES,Active,1,950.0000,2025-04-21 00:00:00,2025-04-21 00:00:00
NEWERECY,NEWELL RECYCLING OF SAVANNAH LLC,Active,2,920.0000,2015-07-07 00:00:00,2015-10-29 00:00:00
JSCONSTR,"JS CONSTRUCTION SERVICES, INC.",Active,1,722.5000,2018-03-14 00:00:00,2018-03-14 00:00:00
MECHSHOP,THE MECHANICAL SHOP,Active,1,700.0000,2021-02-16 00:00:00,2021-02-16 00:00:00
TRICMECH,"TRICO MECHANICAL CONTRACTORS, INC.",Active,1,600.0000,2021-01-29 00:00:00,2021-01-29 00:00:00
AEROMACH,AEROTECH MACHINING INC,Active,2,447.0000,2015-09-25 00:00:00,2015-11-02 00:00:00
INDUENVI,INDUSCO ENVIRONMENTAL SERVICES,Active,1,330.0000,2014-09-02 00:00:00,2014-09-02 00:00:00
MASTSTEE,MASTER STEEL LLC,Active,1,325.0000,2016-05-19 00:00:00,2016-05-19 00:00:00
FIRSPLAC,FIRST PLACE FABRICATION LLC,Active,1,316.0000,2024-07-12 00:00:00,2024-07-12 00:00:00
TOMCLAY,TOM CLAYTON,Active,1,294.0000,2016-06-23 00:00:00,2016-06-23 00:00:00
COMMCONS,COMMONWEALTH CONSTRUCTION,Active,1,260.0000,2018-06-04 00:00:00,2018-06-04 00:00:00
HAMMINTE,HAMMERMILLS INTERNATIONAL,Active,1,210.0000,2018-03-28 00:00:00,2018-03-28 00:00:00
INDUMETA,"INDUSTRIAL METALWORKS, INC.",Active,1,200.0000,2018-03-15 00:00:00,2018-03-15 00:00:00
SAVATANK,"SAVANNAH TANK AND EQUIPMENT, INC.",Active,5,2.0000,2017-05-17 00:00:00,2026-03-05 00:00:00
ECOPOL,"Ecopol America, Inc.",Active,1,1.0000,2025-03-27 00:00:00,2025-03-27 00:00:00
WILDSTEE,WILDCAT STEEL & FABRICATING,Active,1,0.0000,2020-02-26 00:00:00,2020-02-26 00:00:00
YOUMMOBI,YOUMANS MOBILE WELDING,Active,0,,,
MIURMANU,"MIURA AMERICA CO., LTD.",Active,0,,,
BAYSTATE,BAY STATE MILLING COMPANY,Active,0,,,
GEORSOUT,GEORGIA SOUTHERN UNIV,Active,0,,,
SAVAMANF,SAVANNAH TANK & MFG INC,Active,0,,,
DUSTCORP,DUSTEX CORPORATION,Active,0,,,
INDUTECH,INDUSTRIAL TECHNICAL SERVICES INC,Active,0,,,
CAPISKYM,CAPITOL SKYMINE LLC,Active,0,,,
KAPSKRAF,KAPSTONE KRAFT PAPER CORP,Active,0,,,
OBG111,OBG,Active,0,,,
NETWADJU,NETWORK ADJUSTERS INC.,Active,0,,,
CHASASSO,"CHASE ASSOCIATES, INC.",Active,0,,,
SHARPERTEK,SHARPERTEK,Active,0,,,
BPCOMMER,BP COMMERCIAL AUTO & EQUIPMENT,Active,0,,,
WWGAYMECH,W.W. GAY MECHANICAL CONTRACTOR OF GAINESVILLE,Active,0,,,
ACURINSP,ACUREN INSPECTION INC,Active,0,,,
BASFCATY,BASF CATYLSTS LLC,Active,0,,,
CCCGROUP,CCC GROUP INC,Active,0,,,
COMMDRIV,COMMERCIAL DRIVERS SAFETY CONSULTANTS,Active,0,,,
CHARLANE,CHARLES LANE CONSTRUCTION,Active,0,,,
CHATSTEE,CHATHAM STEEL CORPORATION,Active,0,,,
CHEMTALL,CHEMTALL INC,Active,0,,,
CITYGARD,CITY OF GARDEN CITY,Active,0,,,
CITYSAVA,CITY OF SAVANNAH,Active,0,,,
CONTFIEL,CONTINENTAL FIELD SYSTEMS,Active,0,,,
EKANOBEL,EKA NOBEL,Active,0,,,
ELKAYAM1,ELKAYAM,Active,0,,,
FLORCRYS,FLORIDA CRYSTALS,Active,0,,,
JRGARRET,JR GARRETT COMPANY,Active,0,,,
GAWPAPER,GAW PAPER COATING SYSTEMS INC,Active,0,,,
GEOSPECI,GEO SPECIALITY CHEMICALS,Active,0,,,
GEPLASTI,GE PLASTICS,Active,0,,,
GPMENVIR,GPM ENVIRONMENTAL,Active,0,,,
GPSSCONS,GPSSC- CONSUMER PRODUCTS,Active,0,,,
GRIFSTEE,GRIFFIS STEEL,Active,0,,,
GULFSTRE,GULFSTREAM,Active,0,,,
HERCULES,HERCULES INC,Active,0,,,
HERTFOUN,HERTY FOUNDATION,Active,0,,,
HOLCCIMI,HOLCIM INC,Active,0,,,
HUNTSMAN,HUNTSMAN,Active,0,,,
ICCONTRA,IC CONTRACTORS INC,Active,0,,,
INCOSERV,INCO SERVICES INC,Active,0,,,
INEONEWP,INEOS NEW PLANET BIOENERGY LLC,Active,0,,,
INDUMECH,INDUSTRIAL MECHANICAL SERVICES,Active,0,,,
INTERCAT,INTERCAT INC,Active,0,,,
INTENPAP,INTERNATIONAL PAPER - SHARED SERVICES,Active,0,,,
INVISTAS,INVISTA S.A.R.L.,Active,0,,,
JACOCONS,JACOBS CONSTRUCTION SERVICES INC,Active,0,,,
J&LSANDB,J & L SANDBLASTING,Active,0,,,
JOHNCONT,JOHNSON CONTRACTORS INC,Active,0,,,
JONQSTEE,JONQUILL STEEL,Active,0,,,
KAJICONS,KAJIMA CONSTRUCTION SERVICES,Active,0,,,
KAMTECHI,KAMTECH INC,Active,0,,,
KERRFOOD,KERRY FOODS,Active,0,,,
KOCHNITR,KOCH NITROGEN COMPANY,Active,0,,,
KOSA1111,KOSA,Active,0,,,
KUREPGAL,KUREHA PGA LLC,Active,0,,,
LAFOCONS,LAFONTAINE CONSTRUCTION COMPANY INC,Active,0,,,
LAKEWATE,LAKESIDE WATER CO,Active,0,,,
LGCHEMIN,LG CHEM INDUSTRIAL MATERIALS,Active,0,,,
LILLDELC,LILLY DEL CARIBE INC,Active,0,,,
LINCASSO,LINCOLN ASSOCIATES,Active,0,,,
LIQUHAND,LIQUID HANDLING EQUIPMENT,Active,0,,,
LPRCONST,LPR CONSTRUCTION,Active,0,,,
LUMMCORP,LUMMUS CORPORATION,Active,0,,,
LYNNLAND,LYNN'S LAND CLEARING & TREE SERVICE,Active,0,,,
LYNXCHEM,LYNX CHEMICAL GROUP,Active,0,,,
MARTEK11,MARTEK,Active,0,,,
MCBUCORP,MCBURNEY CORP,Active,0,,,
MEADWEST,MEADWESTVACO SOUTH CAROLINA LLC,Active,0,,,
MERCK111,MERCK,Active,0,,,
MERIALLT,MERIAL LTD,Active,0,,,
MIDDCOKE,MIDDLETOWN COKE CO LLC,Active,0,,,
MIDSMACH,MID-STATE MACHINE AND FABRICATING CORP,Active,0,,,
MITSPSAC,MITSUBISHI PSA CORP,Active,0,,,
MITSPOLY,MITSUBISHI POLYSILICON,Active,0,,,
MILTJWOO,MILTON J WOOD CO,Active,0,,,
MONSANTO,MONSANTO,Active,0,,,
MONTPROC,MONTAIR PROCESS TECHNOLOGY,Active,0,,,
MOTIINDU,MOTION INDUSTRIES,Active,0,,,
MUELFIEL,MUELLER FIELD OPERATIONS,Active,0,,,
NCFMANUF,NCF MANUFACTURING INC,Active,0,,,
NUTRSWEE,THE NUTRASWEET COMPANY,Active,0,,,
OLINCHLO,OLIN CHLOR ALKALI PRODUCTS,Active,0,,,
OMEGSTEE,OMEGA STEEL INC,Active,0,,,
OWENCORN,OWENS-CORNING FIBERGLASS,Active,0,,,
PACKCORP,PACKAGING CORP OF AMERICA,Active,0,,,
PEISTOCK,PEI STOCKTON LLC,Active,0,,,
PENDBROR,PENDER BROTHERS INC,Active,0,,,
PFAUDLER,PFAUDLER INC,Active,0,,,
PFIZERIN,PFIZER INC,Active,0,,,
PHILMORR,PHILLIP MORRIS USA,Active,0,,,
PINAENER,PINAL ENERGY LLC,Active,0,,,
PIPESOLU,PIPE SOLUTIONS,Active,0,,,
POLYCHEM,POLYCHEMIE INC,Active,0,,,
PORTCITY,PORT CITY METALS INC,Active,0,,,
PPGINDUS,PPG INDUSTRIES INC,Active,0,,,
PRATWHIT,PRATT & WHITNEY,Active,0,,,
PRAYONIN,PRAYON INC,Active,0,,,
PRECCUTT,PRECISION CUTTING,Active,0,,,
PREMFABR,PREMIER FABRICATION,Active,0,,,
PROSTRUC,PROSTRUCTION INC,Active,0,,,
RBBAKER1,R B BAKER,Active,0,,,
PWH11111,PWH,Active,0,,,
QUALINDU,QUALITY INDUSTRIAL MECHANICAL,Active,0,,,
QUALMACH,QUALITY MACHINE,Active,0,,,
RAYONIER,RAYONIER,Active,0,,,
REDDBUFF,REDDY BUFFALOES PUMP INC,Active,0,,,
RENESSEN,RENESSENZ LLC,Active,0,,,
ROBBFORE,ROBBINS FORESTRY,Active,0,,,
ROBIMORT,ROBINS & MORTON C/O CARBO CERAMICS,Active,0,,,
ROGEBURD,ROGER BURDETTE,Active,0,,,
ROYANATU,ROYAL NATURAL COSMETICS INC,Active,0,,,
SAVABRID,SAVANNAH BRIDGE COMPANY,Active,0,,,
SAVAFENC,SAVANNAH FENCE & ENTRY,Active,0,,,
SAVAFOOD,SAVANNAH FOODS INDUSTRIAL INC,Active,0,,,
SAVAFORE,SAVANNAH FORESTRY EQUIPMENT,Active,0,,,
SAVASTEE,SAVANNAH STEEL COMPANY,Active,0,,,
SAVASUGA,SAVANNAH SUGAR REFINERY,Active,0,,,
SCL11111,SCL,Active,0,,,
SEARLE11,SEARLE,Active,0,,,
SEARELTD,SEARLE LTD,Active,0,,,
SERVWELD,SERVICE WELDING & MACHINE CO,Active,0,,,
SHINPLAN,SHINKO PLANTECH COMPANY UNLIMITED,Active,0,,,
SOUTLNNG,SOUTHERN LNG,Active,0,,,
SOUTMECH,SOUTHERN MECHANICAL SERVICES,Active,0,,,
SONOCO11,SONOCO,Active,0,,,
SOUTCHAM,SOUTHERN CHAMPION CONSTRUCTION INC,Active,0,,,
SOUTTECH,SOUTHERN TECHNOLOGIES INC,Active,0,,,
SOUTIONI,SOUTHERN IONICS INC,Active,0,,,
SOUTMETA,SOUTHERN METAL WORKS INC,Active,0,,,
SPECENGI,SPECIALTY ENGINEERING & EQUIPMENT,Active,0,,,
S&RCONST,S&R CONSTRUCTION,Active,0,,,
STAGLTD1,STAG LTD,Active,0,,,
STARPETI,STARPET INC,Active,0,,,
STEEEREC,STEEL ERECTORS,Active,0,,,
STEVTURC,STEVE TURCOTTE,Active,0,,,
SOUTINDU,SOUTHERN INDUSTRIAL CONSTRUCTORS,Active,0,,,
STRENATU,STRENGTH OF NATURE,Active,0,,,
STROMETA,STRONG METALS INDUSTRIES,Active,0,,,
TANKCONS,TANK CONSULTANTS MECHANICAL SVCS,Active,0,,,
TAYLWHAR,TAYLOR-WHARTON,Active,0,,,
TECHENGI,TECHNIICON ENGINEERING,Active,0,,,
TEMCCOR1,TEMCOR,Active,0,,,
TESTMACH,TESTON MACHINE,Active,0,,,
THATCOMP,THATCHER COMPANY OF NEW YORK,Active,0,,,
INDUCOMP,THE INDUSTRIAL COMPANY,Active,0,,,
THOMPUMP,THOMAS PUMP,Active,0,,,
TOPSSCOL,TOPSSCO LLC,Active,0,,,
TOYOTHAI,TOYO-THAI,Active,0,,,
TURNTRAN,TURNER TRANSFER,Active,0,,,
TWMETALS,T W METALS INC,Active,0,,,
UCBCHEMI,UCB CHEMICAL CORP,Active,0,,,
UNIMCORP,UNIMIN CORPORATION,Active,0,,,
UNIVSTEE,UNIVERSAL STEEL,Active,0,,,
USNITROG,US NITROGEN,Active,0,,,
VALENITE,VALENITE,Active,0,,,
VALEDELA,VALERO DELAWARE CITY REFINERY,Active,0,,,
VOLCKENI,VOLCKENING INC,Active,0,,,
VOLTAIXI,VOLTAIX INC,Active,0,,,
VULCPERF,VULCAN PERFORMANCE CHEMICALS,Active,0,,,
WAHOETHA,WAHOO ETHANOL LLC,Active,0,,,
WESTCORP,WESTVACO CORPORATE CENTER,Active,0,,,
WIGGIRON,WIGGINS IRON,Active,0,,,
THOMENGI,THOMPSON ENGINEERING INC.,Active,0,,,
HARGENGI,HARGOVE ENGINEERING,Prospect,0,,,
ELANANIM,Elanco Animal Health ,Prospect,0,,,
STEPAN,STEPAN,Prospect,0,,,
SABINAGOLD,,Prospect,0,,,
CANHLAB1,CANHLAB,Prospect,0,,,
SYTHOMER,,Prospect,0,,,
